[
  {
    "index": "1003.png",
    "prediction": 0
  },
  {
    "index": "1024.png",
    "prediction": 0
  },
  {
    "index": "1045.png",
    "prediction": 0
  },
  {
    "index": "1046.png",
    "prediction": 0
  },
  {
    "index": "1080.png",
    "prediction": 1
  },
  {
    "index": "1154.png",
    "prediction": 1
  },
  {
    "index": "1172.png",
    "prediction": 0
  },
  {
    "index": "1265.png",
    "prediction": 0
  },
  {
    "index": "1314.png",
    "prediction": 1
  },
  {
    "index": "1317.png",
    "prediction": 1
  },
  {
    "index": "1342.png",
    "prediction": 0
  },
  {
    "index": "1364.png",
    "prediction": 1
  },
  {
    "index": "1377.png",
    "prediction": 1
  },
  {
    "index": "1398.png",
    "prediction": 1
  },
  {
    "index": "1452.png",
    "prediction": 0
  },
  {
    "index": "1477.png",
    "prediction": 1
  },
  {
    "index": "1482.png",
    "prediction": 1
  },
  {
    "index": "1506.png",
    "prediction": 1
  },
  {
    "index": "1541.png",
    "prediction": 0
  },
  {
    "index": "1555.png",
    "prediction": 0
  },
  {
    "index": "1594.png",
    "prediction": 0
  },
  {
    "index": "1619.png",
    "prediction": 1
  },
  {
    "index": "1620.png",
    "prediction": 0
  },
  {
    "index": "1644.png",
    "prediction": 0
  },
  {
    "index": "1648.png",
    "prediction": 0
  },
  {
    "index": "1649.png",
    "prediction": 0
  },
  {
    "index": "1676.png",
    "prediction": 1
  },
  {
    "index": "1678.png",
    "prediction": 0
  },
  {
    "index": "1689.png",
    "prediction": 1
  },
  {
    "index": "1693.png",
    "prediction": 0
  },
  {
    "index": "1695.png",
    "prediction": 1
  },
  {
    "index": "1710.png",
    "prediction": 1
  },
  {
    "index": "1724.png",
    "prediction": 0
  },
  {
    "index": "1725.png",
    "prediction": 0
  },
  {
    "index": "1763.png",
    "prediction": 1
  },
  {
    "index": "1863.png",
    "prediction": 1
  },
  {
    "index": "1886.png",
    "prediction": 0
  },
  {
    "index": "1900.png",
    "prediction": 1
  },
  {
    "index": "1925.png",
    "prediction": 1
  },
  {
    "index": "1995.png",
    "prediction": 0
  },
  {
    "index": "2050.png",
    "prediction": 0
  },
  {
    "index": "2072.png",
    "prediction": 1
  },
  {
    "index": "2088.png",
    "prediction": 1
  },
  {
    "index": "2129.png",
    "prediction": 0
  },
  {
    "index": "2182.png",
    "prediction": 0
  },
  {
    "index": "2236.png",
    "prediction": 0
  },
  {
    "index": "2294.png",
    "prediction": 0
  },
  {
    "index": "2295.png",
    "prediction": 0
  },
  {
    "index": "2310.png",
    "prediction": 0
  },
  {
    "index": "2353.png",
    "prediction": 1
  },
  {
    "index": "2362.png",
    "prediction": 0
  },
  {
    "index": "2364.png",
    "prediction": 0
  },
  {
    "index": "2375.png",
    "prediction": 1
  },
  {
    "index": "2376.png",
    "prediction": 0
  },
  {
    "index": "2383.png",
    "prediction": 1
  },
  {
    "index": "2423.png",
    "prediction": 0
  },
  {
    "index": "2450.png",
    "prediction": 1
  },
  {
    "index": "2517.png",
    "prediction": 1
  },
  {
    "index": "2594.png",
    "prediction": 0
  },
  {
    "index": "2608.png",
    "prediction": 1
  },
  {
    "index": "2619.png",
    "prediction": 1
  },
  {
    "index": "2637.png",
    "prediction": 0
  },
  {
    "index": "2648.png",
    "prediction": 0
  },
  {
    "index": "2661.png",
    "prediction": 0
  },
  {
    "index": "2695.png",
    "prediction": 0
  },
  {
    "index": "2732.png",
    "prediction": 0
  },
  {
    "index": "2749.png",
    "prediction": 1
  },
  {
    "index": "2751.png",
    "prediction": 0
  },
  {
    "index": "2764.png",
    "prediction": 1
  },
  {
    "index": "2772.png",
    "prediction": 0
  },
  {
    "index": "2777.png",
    "prediction": 0
  },
  {
    "index": "2855.png",
    "prediction": 1
  },
  {
    "index": "2864.png",
    "prediction": 1
  },
  {
    "index": "2882.png",
    "prediction": 1
  },
  {
    "index": "2903.png",
    "prediction": 1
  },
  {
    "index": "2905.png",
    "prediction": 1
  },
  {
    "index": "2906.png",
    "prediction": 1
  },
  {
    "index": "2955.png",
    "prediction": 1
  },
  {
    "index": "2971.png",
    "prediction": 1
  },
  {
    "index": "2996.png",
    "prediction": 1
  },
  {
    "index": "2998.png",
    "prediction": 1
  },
  {
    "index": "3004.png",
    "prediction": 1
  },
  {
    "index": "3027.png",
    "prediction": 1
  },
  {
    "index": "3032.png",
    "prediction": 1
  },
  {
    "index": "3129.png",
    "prediction": 0
  },
  {
    "index": "3136.png",
    "prediction": 1
  },
  {
    "index": "3146.png",
    "prediction": 0
  },
  {
    "index": "3157.png",
    "prediction": 0
  },
  {
    "index": "3159.png",
    "prediction": 1
  },
  {
    "index": "3170.png",
    "prediction": 1
  },
  {
    "index": "3178.png",
    "prediction": 0
  },
  {
    "index": "3179.png",
    "prediction": 1
  },
  {
    "index": "3183.png",
    "prediction": 1
  },
  {
    "index": "3194.png",
    "prediction": 0
  },
  {
    "index": "3221.png",
    "prediction": 1
  },
  {
    "index": "3230.png",
    "prediction": 1
  },
  {
    "index": "3241.png",
    "prediction": 0
  },
  {
    "index": "3256.png",
    "prediction": 1
  },
  {
    "index": "3273.png",
    "prediction": 0
  },
  {
    "index": "3278.png",
    "prediction": 1
  },
  {
    "index": "3290.png",
    "prediction": 0
  },
  {
    "index": "3296.png",
    "prediction": 1
  },
  {
    "index": "3299.png",
    "prediction": 1
  },
  {
    "index": "3313.png",
    "prediction": 0
  },
  {
    "index": "3315.png",
    "prediction": 0
  },
  {
    "index": "3322.png",
    "prediction": 0
  },
  {
    "index": "3333.png",
    "prediction": 0
  },
  {
    "index": "3334.png",
    "prediction": 1
  },
  {
    "index": "3336.png",
    "prediction": 1
  },
  {
    "index": "3353.png",
    "prediction": 0
  },
  {
    "index": "3368.png",
    "prediction": 0
  },
  {
    "index": "3385.png",
    "prediction": 1
  },
  {
    "index": "3442.png",
    "prediction": 1
  },
  {
    "index": "3456.png",
    "prediction": 0
  },
  {
    "index": "3468.png",
    "prediction": 1
  },
  {
    "index": "3488.png",
    "prediction": 0
  },
  {
    "index": "3490.png",
    "prediction": 0
  },
  {
    "index": "3495.png",
    "prediction": 1
  },
  {
    "index": "3506.png",
    "prediction": 1
  },
  {
    "index": "3525.png",
    "prediction": 1
  },
  {
    "index": "3540.png",
    "prediction": 1
  },
  {
    "index": "3543.png",
    "prediction": 0
  },
  {
    "index": "3545.png",
    "prediction": 0
  },
  {
    "index": "3551.png",
    "prediction": 1
  },
  {
    "index": "3553.png",
    "prediction": 1
  },
  {
    "index": "3560.png",
    "prediction": 1
  },
  {
    "index": "3594.png",
    "prediction": 1
  },
  {
    "index": "3598.png",
    "prediction": 1
  },
  {
    "index": "3607.png",
    "prediction": 1
  },
  {
    "index": "3637.png",
    "prediction": 0
  },
  {
    "index": "3661.png",
    "prediction": 0
  },
  {
    "index": "3677.png",
    "prediction": 0
  },
  {
    "index": "3679.png",
    "prediction": 1
  },
  {
    "index": "3717.png",
    "prediction": 1
  },
  {
    "index": "3732.png",
    "prediction": 0
  },
  {
    "index": "3744.png",
    "prediction": 0
  },
  {
    "index": "3763.png",
    "prediction": 0
  },
  {
    "index": "3804.png",
    "prediction": 1
  },
  {
    "index": "3833.png",
    "prediction": 1
  },
  {
    "index": "3835.png",
    "prediction": 1
  },
  {
    "index": "3837.png",
    "prediction": 0
  },
  {
    "index": "3848.png",
    "prediction": 1
  },
  {
    "index": "3868.png",
    "prediction": 1
  },
  {
    "index": "3882.png",
    "prediction": 0
  },
  {
    "index": "3916.png",
    "prediction": 1
  },
  {
    "index": "3964.png",
    "prediction": 1
  },
  {
    "index": "3968.png",
    "prediction": 1
  },
  {
    "index": "3970.png",
    "prediction": 0
  },
  {
    "index": "3973.png",
    "prediction": 1
  },
  {
    "index": "3975.png",
    "prediction": 1
  },
  {
    "index": "3996.png",
    "prediction": 1
  },
  {
    "index": "4011.png",
    "prediction": 0
  },
  {
    "index": "4018.png",
    "prediction": 1
  },
  {
    "index": "4055.png",
    "prediction": 1
  },
  {
    "index": "4065.png",
    "prediction": 0
  },
  {
    "index": "4067.png",
    "prediction": 0
  },
  {
    "index": "4073.png",
    "prediction": 0
  },
  {
    "index": "4079.png",
    "prediction": 1
  },
  {
    "index": "4082.png",
    "prediction": 1
  },
  {
    "index": "4101.png",
    "prediction": 0
  },
  {
    "index": "4104.png",
    "prediction": 1
  },
  {
    "index": "4108.png",
    "prediction": 0
  },
  {
    "index": "4122.png",
    "prediction": 0
  },
  {
    "index": "4147.png",
    "prediction": 0
  },
  {
    "index": "4165.png",
    "prediction": 0
  },
  {
    "index": "4167.png",
    "prediction": 0
  },
  {
    "index": "4184.png",
    "prediction": 0
  },
  {
    "index": "4192.png",
    "prediction": 1
  },
  {
    "index": "4209.png",
    "prediction": 0
  },
  {
    "index": "4215.png",
    "prediction": 0
  },
  {
    "index": "4222.png",
    "prediction": 1
  },
  {
    "index": "4238.png",
    "prediction": 1
  },
  {
    "index": "4254.png",
    "prediction": 1
  },
  {
    "index": "4286.png",
    "prediction": 0
  },
  {
    "index": "4308.png",
    "prediction": 0
  },
  {
    "index": "4348.png",
    "prediction": 1
  },
  {
    "index": "4357.png",
    "prediction": 1
  },
  {
    "index": "4364.png",
    "prediction": 0
  },
  {
    "index": "4367.png",
    "prediction": 1
  },
  {
    "index": "4375.png",
    "prediction": 1
  },
  {
    "index": "4385.png",
    "prediction": 1
  },
  {
    "index": "4393.png",
    "prediction": 0
  },
  {
    "index": "4421.png",
    "prediction": 0
  },
  {
    "index": "4432.png",
    "prediction": 1
  },
  {
    "index": "4443.png",
    "prediction": 1
  },
  {
    "index": "4448.png",
    "prediction": 0
  },
  {
    "index": "4450.png",
    "prediction": 1
  },
  {
    "index": "4505.png",
    "prediction": 1
  },
  {
    "index": "4506.png",
    "prediction": 0
  },
  {
    "index": "4512.png",
    "prediction": 0
  },
  {
    "index": "4533.png",
    "prediction": 1
  },
  {
    "index": "4542.png",
    "prediction": 0
  },
  {
    "index": "4545.png",
    "prediction": 0
  },
  {
    "index": "4547.png",
    "prediction": 1
  },
  {
    "index": "4550.png",
    "prediction": 1
  },
  {
    "index": "4567.png",
    "prediction": 1
  },
  {
    "index": "4569.png",
    "prediction": 0
  },
  {
    "index": "4576.png",
    "prediction": 0
  },
  {
    "index": "4581.png",
    "prediction": 1
  },
  {
    "index": "4600.png",
    "prediction": 1
  },
  {
    "index": "4635.png",
    "prediction": 0
  },
  {
    "index": "4648.png",
    "prediction": 1
  },
  {
    "index": "4658.png",
    "prediction": 0
  },
  {
    "index": "4671.png",
    "prediction": 0
  },
  {
    "index": "4698.png",
    "prediction": 0
  },
  {
    "index": "4763.png",
    "prediction": 1
  },
  {
    "index": "4790.png",
    "prediction": 0
  },
  {
    "index": "4843.png",
    "prediction": 1
  },
  {
    "index": "4851.png",
    "prediction": 1
  },
  {
    "index": "4870.png",
    "prediction": 1
  },
  {
    "index": "4890.png",
    "prediction": 1
  },
  {
    "index": "4892.png",
    "prediction": 0
  },
  {
    "index": "4903.png",
    "prediction": 0
  },
  {
    "index": "4905.png",
    "prediction": 0
  },
  {
    "index": "4912.png",
    "prediction": 1
  },
  {
    "index": "4917.png",
    "prediction": 0
  },
  {
    "index": "4960.png",
    "prediction": 1
  },
  {
    "index": "4988.png",
    "prediction": 0
  },
  {
    "index": "4998.png",
    "prediction": 1
  },
  {
    "index": "5060.png",
    "prediction": 1
  },
  {
    "index": "5062.png",
    "prediction": 1
  },
  {
    "index": "5070.png",
    "prediction": 1
  },
  {
    "index": "5086.png",
    "prediction": 0
  },
  {
    "index": "5096.png",
    "prediction": 0
  },
  {
    "index": "5101.png",
    "prediction": 0
  },
  {
    "index": "5107.png",
    "prediction": 1
  },
  {
    "index": "5123.png",
    "prediction": 0
  },
  {
    "index": "5163.png",
    "prediction": 0
  },
  {
    "index": "5168.png",
    "prediction": 0
  },
  {
    "index": "5174.png",
    "prediction": 0
  },
  {
    "index": "5182.png",
    "prediction": 0
  },
  {
    "index": "5189.png",
    "prediction": 0
  },
  {
    "index": "5208.png",
    "prediction": 1
  },
  {
    "index": "5212.png",
    "prediction": 0
  },
  {
    "index": "5269.png",
    "prediction": 1
  },
  {
    "index": "5292.png",
    "prediction": 0
  },
  {
    "index": "5335.png",
    "prediction": 0
  },
  {
    "index": "5367.png",
    "prediction": 1
  },
  {
    "index": "5393.png",
    "prediction": 0
  },
  {
    "index": "5404.png",
    "prediction": 1
  },
  {
    "index": "5417.png",
    "prediction": 0
  },
  {
    "index": "5444.png",
    "prediction": 1
  },
  {
    "index": "5478.png",
    "prediction": 0
  },
  {
    "index": "5509.png",
    "prediction": 0
  },
  {
    "index": "5571.png",
    "prediction": 1
  },
  {
    "index": "5589.png",
    "prediction": 1
  },
  {
    "index": "5595.png",
    "prediction": 1
  },
  {
    "index": "5608.png",
    "prediction": 0
  },
  {
    "index": "5664.png",
    "prediction": 0
  },
  {
    "index": "5672.png",
    "prediction": 1
  },
  {
    "index": "5680.png",
    "prediction": 0
  },
  {
    "index": "5692.png",
    "prediction": 0
  },
  {
    "index": "5697.png",
    "prediction": 1
  },
  {
    "index": "5699.png",
    "prediction": 1
  },
  {
    "index": "5720.png",
    "prediction": 0
  },
  {
    "index": "5721.png",
    "prediction": 0
  },
  {
    "index": "5725.png",
    "prediction": 1
  },
  {
    "index": "5733.png",
    "prediction": 0
  },
  {
    "index": "5758.png",
    "prediction": 1
  },
  {
    "index": "5777.png",
    "prediction": 0
  },
  {
    "index": "5785.png",
    "prediction": 0
  },
  {
    "index": "5841.png",
    "prediction": 0
  },
  {
    "index": "5863.png",
    "prediction": 1
  },
  {
    "index": "5883.png",
    "prediction": 1
  },
  {
    "index": "5900.png",
    "prediction": 1
  },
  {
    "index": "5903.png",
    "prediction": 1
  },
  {
    "index": "5914.png",
    "prediction": 0
  },
  {
    "index": "5939.png",
    "prediction": 0
  },
  {
    "index": "5973.png",
    "prediction": 1
  },
  {
    "index": "5989.png",
    "prediction": 1
  },
  {
    "index": "6018.png",
    "prediction": 0
  },
  {
    "index": "6029.png",
    "prediction": 1
  },
  {
    "index": "6047.png",
    "prediction": 0
  },
  {
    "index": "6070.png",
    "prediction": 1
  },
  {
    "index": "6135.png",
    "prediction": 1
  },
  {
    "index": "6136.png",
    "prediction": 0
  },
  {
    "index": "6142.png",
    "prediction": 1
  },
  {
    "index": "6152.png",
    "prediction": 0
  },
  {
    "index": "6163.png",
    "prediction": 1
  },
  {
    "index": "6166.png",
    "prediction": 1
  },
  {
    "index": "6207.png",
    "prediction": 0
  },
  {
    "index": "6234.png",
    "prediction": 0
  },
  {
    "index": "6236.png",
    "prediction": 1
  },
  {
    "index": "6275.png",
    "prediction": 0
  },
  {
    "index": "6283.png",
    "prediction": 1
  },
  {
    "index": "6284.png",
    "prediction": 0
  },
  {
    "index": "6303.png",
    "prediction": 1
  },
  {
    "index": "6320.png",
    "prediction": 0
  },
  {
    "index": "6329.png",
    "prediction": 0
  },
  {
    "index": "6354.png",
    "prediction": 0
  },
  {
    "index": "6385.png",
    "prediction": 1
  },
  {
    "index": "6396.png",
    "prediction": 0
  },
  {
    "index": "6408.png",
    "prediction": 0
  },
  {
    "index": "6410.png",
    "prediction": 0
  },
  {
    "index": "6417.png",
    "prediction": 0
  },
  {
    "index": "6445.png",
    "prediction": 1
  },
  {
    "index": "6449.png",
    "prediction": 1
  },
  {
    "index": "6453.png",
    "prediction": 0
  },
  {
    "index": "6455.png",
    "prediction": 0
  },
  {
    "index": "6457.png",
    "prediction": 1
  },
  {
    "index": "6465.png",
    "prediction": 0
  },
  {
    "index": "6467.png",
    "prediction": 1
  },
  {
    "index": "6477.png",
    "prediction": 0
  },
  {
    "index": "6512.png",
    "prediction": 1
  },
  {
    "index": "6518.png",
    "prediction": 0
  },
  {
    "index": "6522.png",
    "prediction": 0
  },
  {
    "index": "6536.png",
    "prediction": 1
  },
  {
    "index": "6579.png",
    "prediction": 1
  },
  {
    "index": "6599.png",
    "prediction": 1
  },
  {
    "index": "6609.png",
    "prediction": 1
  },
  {
    "index": "6672.png",
    "prediction": 1
  },
  {
    "index": "6681.png",
    "prediction": 1
  },
  {
    "index": "6692.png",
    "prediction": 1
  },
  {
    "index": "6744.png",
    "prediction": 1
  },
  {
    "index": "6796.png",
    "prediction": 1
  },
  {
    "index": "6802.png",
    "prediction": 1
  },
  {
    "index": "6834.png",
    "prediction": 1
  },
  {
    "index": "6846.png",
    "prediction": 1
  },
  {
    "index": "6873.png",
    "prediction": 0
  },
  {
    "index": "6905.png",
    "prediction": 0
  },
  {
    "index": "6916.png",
    "prediction": 1
  },
  {
    "index": "6961.png",
    "prediction": 1
  },
  {
    "index": "6965.png",
    "prediction": 1
  },
  {
    "index": "6970.png",
    "prediction": 0
  },
  {
    "index": "6994.png",
    "prediction": 1
  },
  {
    "index": "7011.png",
    "prediction": 0
  },
  {
    "index": "7017.png",
    "prediction": 0
  },
  {
    "index": "7036.png",
    "prediction": 0
  },
  {
    "index": "7042.png",
    "prediction": 1
  },
  {
    "index": "7058.png",
    "prediction": 1
  },
  {
    "index": "7061.png",
    "prediction": 0
  },
  {
    "index": "7080.png",
    "prediction": 0
  },
  {
    "index": "7092.png",
    "prediction": 1
  },
  {
    "index": "7103.png",
    "prediction": 0
  },
  {
    "index": "7109.png",
    "prediction": 1
  },
  {
    "index": "7127.png",
    "prediction": 0
  },
  {
    "index": "7163.png",
    "prediction": 0
  },
  {
    "index": "7197.png",
    "prediction": 0
  },
  {
    "index": "7224.png",
    "prediction": 1
  },
  {
    "index": "7244.png",
    "prediction": 0
  },
  {
    "index": "7277.png",
    "prediction": 1
  },
  {
    "index": "7292.png",
    "prediction": 1
  },
  {
    "index": "7293.png",
    "prediction": 1
  },
  {
    "index": "7319.png",
    "prediction": 1
  },
  {
    "index": "7329.png",
    "prediction": 0
  },
  {
    "index": "7350.png",
    "prediction": 0
  },
  {
    "index": "7357.png",
    "prediction": 1
  },
  {
    "index": "7368.png",
    "prediction": 0
  },
  {
    "index": "7372.png",
    "prediction": 1
  },
  {
    "index": "7374.png",
    "prediction": 0
  },
  {
    "index": "7409.png",
    "prediction": 1
  },
  {
    "index": "7418.png",
    "prediction": 1
  },
  {
    "index": "7444.png",
    "prediction": 0
  },
  {
    "index": "7453.png",
    "prediction": 1
  },
  {
    "index": "7457.png",
    "prediction": 0
  },
  {
    "index": "7458.png",
    "prediction": 1
  },
  {
    "index": "7459.png",
    "prediction": 1
  },
  {
    "index": "7500.png",
    "prediction": 1
  },
  {
    "index": "7503.png",
    "prediction": 1
  },
  {
    "index": "7506.png",
    "prediction": 1
  },
  {
    "index": "7512.png",
    "prediction": 1
  },
  {
    "index": "7518.png",
    "prediction": 1
  },
  {
    "index": "7544.png",
    "prediction": 1
  },
  {
    "index": "7600.png",
    "prediction": 0
  },
  {
    "index": "7602.png",
    "prediction": 0
  },
  {
    "index": "7645.png",
    "prediction": 0
  },
  {
    "index": "7665.png",
    "prediction": 1
  },
  {
    "index": "7670.png",
    "prediction": 0
  },
  {
    "index": "7671.png",
    "prediction": 1
  },
  {
    "index": "7675.png",
    "prediction": 0
  },
  {
    "index": "7683.png",
    "prediction": 1
  },
  {
    "index": "7693.png",
    "prediction": 0
  },
  {
    "index": "7722.png",
    "prediction": 1
  },
  {
    "index": "7774.png",
    "prediction": 0
  },
  {
    "index": "7783.png",
    "prediction": 0
  },
  {
    "index": "7790.png",
    "prediction": 1
  },
  {
    "index": "7799.png",
    "prediction": 1
  },
  {
    "index": "7819.png",
    "prediction": 1
  },
  {
    "index": "7826.png",
    "prediction": 1
  },
  {
    "index": "7851.png",
    "prediction": 1
  },
  {
    "index": "7877.png",
    "prediction": 0
  },
  {
    "index": "7906.png",
    "prediction": 1
  },
  {
    "index": "7912.png",
    "prediction": 1
  },
  {
    "index": "7926.png",
    "prediction": 1
  },
  {
    "index": "7937.png",
    "prediction": 0
  },
  {
    "index": "7972.png",
    "prediction": 0
  },
  {
    "index": "8025.png",
    "prediction": 1
  },
  {
    "index": "8028.png",
    "prediction": 0
  },
  {
    "index": "8047.png",
    "prediction": 1
  },
  {
    "index": "8068.png",
    "prediction": 0
  },
  {
    "index": "8139.png",
    "prediction": 1
  },
  {
    "index": "8157.png",
    "prediction": 1
  },
  {
    "index": "8220.png",
    "prediction": 1
  },
  {
    "index": "8260.png",
    "prediction": 0
  },
  {
    "index": "8272.png",
    "prediction": 1
  },
  {
    "index": "8289.png",
    "prediction": 1
  },
  {
    "index": "8323.png",
    "prediction": 1
  },
  {
    "index": "8324.png",
    "prediction": 1
  },
  {
    "index": "8342.png",
    "prediction": 1
  },
  {
    "index": "8343.png",
    "prediction": 1
  },
  {
    "index": "8361.png",
    "prediction": 0
  },
  {
    "index": "8430.png",
    "prediction": 0
  },
  {
    "index": "8463.png",
    "prediction": 0
  },
  {
    "index": "8490.png",
    "prediction": 0
  },
  {
    "index": "8505.png",
    "prediction": 1
  },
  {
    "index": "8534.png",
    "prediction": 1
  },
  {
    "index": "8539.png",
    "prediction": 1
  },
  {
    "index": "8541.png",
    "prediction": 0
  },
  {
    "index": "8546.png",
    "prediction": 0
  },
  {
    "index": "8548.png",
    "prediction": 1
  },
  {
    "index": "8576.png",
    "prediction": 0
  },
  {
    "index": "8586.png",
    "prediction": 1
  },
  {
    "index": "8610.png",
    "prediction": 0
  },
  {
    "index": "8613.png",
    "prediction": 0
  },
  {
    "index": "8642.png",
    "prediction": 1
  },
  {
    "index": "8672.png",
    "prediction": 1
  },
  {
    "index": "8679.png",
    "prediction": 0
  },
  {
    "index": "8692.png",
    "prediction": 1
  },
  {
    "index": "8697.png",
    "prediction": 1
  },
  {
    "index": "8721.png",
    "prediction": 1
  },
  {
    "index": "8731.png",
    "prediction": 1
  },
  {
    "index": "8769.png",
    "prediction": 1
  },
  {
    "index": "8785.png",
    "prediction": 0
  },
  {
    "index": "8812.png",
    "prediction": 0
  },
  {
    "index": "8817.png",
    "prediction": 0
  },
  {
    "index": "8826.png",
    "prediction": 0
  },
  {
    "index": "8864.png",
    "prediction": 1
  },
  {
    "index": "8876.png",
    "prediction": 0
  },
  {
    "index": "8892.png",
    "prediction": 0
  },
  {
    "index": "8908.png",
    "prediction": 0
  },
  {
    "index": "8933.png",
    "prediction": 1
  },
  {
    "index": "8941.png",
    "prediction": 0
  },
  {
    "index": "8960.png",
    "prediction": 1
  },
  {
    "index": "8961.png",
    "prediction": 1
  },
  {
    "index": "9008.png",
    "prediction": 0
  },
  {
    "index": "9016.png",
    "prediction": 0
  },
  {
    "index": "9049.png",
    "prediction": 0
  },
  {
    "index": "9050.png",
    "prediction": 0
  },
  {
    "index": "9087.png",
    "prediction": 1
  },
  {
    "index": "9115.png",
    "prediction": 1
  },
  {
    "index": "9118.png",
    "prediction": 0
  },
  {
    "index": "9126.png",
    "prediction": 1
  },
  {
    "index": "9177.png",
    "prediction": 1
  },
  {
    "index": "9178.png",
    "prediction": 0
  },
  {
    "index": "9179.png",
    "prediction": 0
  },
  {
    "index": "9202.png",
    "prediction": 1
  },
  {
    "index": "9223.png",
    "prediction": 0
  },
  {
    "index": "9261.png",
    "prediction": 1
  },
  {
    "index": "9277.png",
    "prediction": 0
  },
  {
    "index": "9281.png",
    "prediction": 0
  },
  {
    "index": "9309.png",
    "prediction": 0
  },
  {
    "index": "9322.png",
    "prediction": 0
  },
  {
    "index": "9339.png",
    "prediction": 0
  },
  {
    "index": "9349.png",
    "prediction": 1
  },
  {
    "index": "9356.png",
    "prediction": 0
  },
  {
    "index": "9364.png",
    "prediction": 1
  },
  {
    "index": "9398.png",
    "prediction": 0
  },
  {
    "index": "9404.png",
    "prediction": 1
  },
  {
    "index": "9411.png",
    "prediction": 1
  },
  {
    "index": "9426.png",
    "prediction": 0
  },
  {
    "index": "9469.png",
    "prediction": 1
  },
  {
    "index": "9478.png",
    "prediction": 0
  },
  {
    "index": "9488.png",
    "prediction": 0
  },
  {
    "index": "9496.png",
    "prediction": 0
  },
  {
    "index": "9504.png",
    "prediction": 1
  },
  {
    "index": "9549.png",
    "prediction": 0
  },
  {
    "index": "9550.png",
    "prediction": 0
  },
  {
    "index": "9561.png",
    "prediction": 0
  },
  {
    "index": "9565.png",
    "prediction": 0
  },
  {
    "index": "9583.png",
    "prediction": 0
  },
  {
    "index": "9587.png",
    "prediction": 0
  },
  {
    "index": "9588.png",
    "prediction": 1
  },
  {
    "index": "9600.png",
    "prediction": 0
  },
  {
    "index": "9609.png",
    "prediction": 0
  },
  {
    "index": "9619.png",
    "prediction": 1
  },
  {
    "index": "9632.png",
    "prediction": 0
  },
  {
    "index": "9640.png",
    "prediction": 0
  },
  {
    "index": "9642.png",
    "prediction": 0
  },
  {
    "index": "9672.png",
    "prediction": 0
  },
  {
    "index": "9688.png",
    "prediction": 0
  },
  {
    "index": "9710.png",
    "prediction": 1
  },
  {
    "index": "9713.png",
    "prediction": 0
  },
  {
    "index": "9728.png",
    "prediction": 1
  },
  {
    "index": "9742.png",
    "prediction": 0
  },
  {
    "index": "9745.png",
    "prediction": 0
  },
  {
    "index": "9768.png",
    "prediction": 0
  },
  {
    "index": "9769.png",
    "prediction": 0
  },
  {
    "index": "9805.png",
    "prediction": 0
  },
  {
    "index": "9808.png",
    "prediction": 1
  },
  {
    "index": "9819.png",
    "prediction": 0
  },
  {
    "index": "9825.png",
    "prediction": 1
  },
  {
    "index": "9843.png",
    "prediction": 1
  },
  {
    "index": "9847.png",
    "prediction": 0
  },
  {
    "index": "9849.png",
    "prediction": 1
  },
  {
    "index": "9858.png",
    "prediction": 0
  },
  {
    "index": "9859.png",
    "prediction": 1
  },
  {
    "index": "9862.png",
    "prediction": 0
  },
  {
    "index": "9864.png",
    "prediction": 1
  },
  {
    "index": "9869.png",
    "prediction": 1
  },
  {
    "index": "9873.png",
    "prediction": 0
  },
  {
    "index": "9923.png",
    "prediction": 1
  },
  {
    "index": "9925.png",
    "prediction": 0
  },
  {
    "index": "9942.png",
    "prediction": 1
  },
  {
    "index": "9959.png",
    "prediction": 0
  },
  {
    "index": "9981.png",
    "prediction": 0
  },
  {
    "index": "9986.png",
    "prediction": 1
  }
]